pnum2,tcinpsty
0006,18300
0007,3800
0008,9200
0011,1300
0012,3500
0013,18700
0014,25900
0015,4300
0016,12900
0017,33600
0018,13900
0020,27800
0021,6700
0024,269400
0025,1400
0026,111700
0028,62700
0030,25200
0031,21500
0033,30500
0034,14500
0036,44600
0038,27600
0039,18800
0041,5900
0042,54500
0043,28500
0044,3200
0045,10300
0047,18700
0048,5100
0049,50400
0050,7100
0052,15400
0053,168400
0054,19100
0056,7200
0057,16400
0058,36900
0059,26200
0061,11200
0063,33500
0064,17700
0065,37000
0066,21700
0067,13900
0068,72500
0069,19400
0074,62100
0075,13000
0076,8200
0078,13300
0080,25500
0081,26000
0084,3400
0085,22200
0086,68200
0088,14200
0090,11500
0091,33100
0092,80500
0093,31800
0095,38800
0096,4800
0098,34300
0099,35200
0100,16500
0101,11900
0104,13200
0108,4200
0109,43700
0110,6100
0112,17300
0113,26200
0114,18200
0115,4200
0117,40400
0120,30400
0121,3300
0122,50000
0123,5000
0124,12400
0125,18700
0127,2400
0128,27100
0129,13400
0130,76100
0133,3100
0134,63300
0135,6500
0136,4600
0139,7800
0141,85200
0142,38000
0145,64900
0146,58400
0148,125200
0151,6800
0152,5400
0153,13800
0154,70000
0155,27700
0160,49700
0161,2100
0163,13100
0164,13100
0166,7900
0168,52100
0171,2300
0173,7200
0175,9800
0176,54200
0177,35400
0179,7400
0181,19200
0184,31100
0185,1200
0186,2900
0187,33800
0188,37300
0189,33500
0190,3600
0192,61800
0195,7700
0197,18000
0199,2400
0204,99700
0208,6700
0210,5400
0211,2000
0212,11600
0214,44800
0215,7500
0216,20800
0219,87800
0220,49300
0224,36900
0225,6600
0228,21200
0229,18500
0230,31900
0231,3200
0232,15800
0233,11400
0234,16800
0235,62000
0236,8100
0237,12800
0238,47100
0240,25400
0244,30400
0245,22500
0246,16000
0251,73100
0252,63500
0253,5000
0254,1300
0256,2200
0259,2700
0260,8700
0261,107400
0263,11000
0264,21500
0267,22200
0268,49400
0270,33800
0274,5000
0275,42300
0276,35900
0277,1000
0278,98900
0281,4300
0284,3100
0286,6800
0287,18800
0288,9700
0289,19100
0290,5100
0292,16200
0293,3600
0297,15800
0299,4000
0301,4700
0302,2900
0303,800
0304,7500
0305,5900
0306,9400
0307,22000
0308,9500
0309,1900
0312,30400
0316,5300
0322,2600
0323,8200
0324,8600
0325,33100
0326,1800
0327,9700
0329,2400
0330,32000
0331,1700
0333,6500
0335,4000
0336,7200
0337,3800
0338,5300
0339,1000
0342,26000
0343,73100
0345,13900
0346,6100
0347,1900
0348,23500
0350,800
0351,4200
0352,2100
0353,7500
0355,11900
0357,1600
0362,1800
0363,9800
0364,22700
0367,47700
0368,9800
0370,8500
0371,24200
0372,6600
0373,25800
0374,66000
0375,14300
0376,2300
0378,5200
0379,34000
0380,8900
0382,21100
0383,4000
0384,16500
0385,14100
0386,49600
0387,9500
0388,2800
0389,26600
0390,17100
0391,15200
0392,46700
0394,18200
0397,19500
0398,10000
0399,11500
0400,12800
0403,6600
0404,5500
0405,53700
0408,14400
0410,14800
0412,17100
0413,4500
0417,45500
0418,8500
0420,30600
0421,37700
0422,78500
0423,10200
0424,10000
0426,7100
0427,8000
0428,1200
0429,8800
0431,8400
0433,9000
0435,18900
0436,28200
0443,14300
0444,6200
0445,10300
0446,5200
0448,5200
0449,12700
0451,33000
0452,20200
0453,22600
0457,32500
0458,11100
0465,17700
0466,15900
0468,81000
0469,14100
0470,2700
0472,11600
0475,34000
0479,8500
0481,21600
0483,13100
0486,7800
0487,15200
0488,23900
0489,6400
0490,12000
0491,1100
0492,12000
0495,7600
0496,2500
0498,3900
0499,15600
0501,17800
0503,8100
0505,9400
0506,14600
0509,2200
0510,13400
0511,7800
0512,26300
0513,37700
0514,28600
0515,53200
0518,600
0522,3400
0523,51500
0525,31200
0526,7200
0528,2800
0529,6000
0531,1200
0532,3700
0534,5200
0535,7300
0536,22100
0538,91500
0540,51300
0541,8600
0542,24400
0543,15600
0546,33500
0548,13200
0550,7800
0551,13600
0552,12800
0554,32300
0561,54100
0564,18600
0566,14600
0568,30100
0569,6200
0570,22600
0571,49500
0573,6000
0574,18800
0576,1600
0578,44700
0580,10000
0581,1600
0585,13500
0586,16600
0591,26600
0592,44200
0596,7600
0597,27500
0600,18100
0601,2100
0604,3200
0605,16700
0606,2800
0608,40200
0610,5400
0611,10700
0612,35200
0613,13100
0616,8800
0621,12700
0622,16600
0623,12600
0627,35800
0631,44900
0639,3200
0642,16300
0643,6000
0645,20300
0647,2200
0649,14400
0651,51300
0656,3700
0657,9400
0661,6400
0665,30500
0669,37600
0672,8100
0674,24200
0675,2400
0676,45300
0677,5400
0678,20200
0682,5300
0684,11600
0687,16900
0688,16000
0689,48200
0691,2100
0693,16100
0694,12900
0695,7300
0696,131400
0701,33500
0703,16800
0704,66700
0707,37200
0708,9500
0710,7900
0711,3200
0712,33000
0714,47800
0715,6800
0716,8500
0717,2400
0718,2900
0719,2900
0720,9100
0721,600
0723,17400
0724,81100
0725,22200
0729,14100
0733,2900
0734,12500
0735,15400
0736,2700
0737,9400
0738,14400
0739,7100
0740,18900
0741,19700
0742,21900
0743,11800
0744,20800
0745,35300
0748,3400
0749,13000
0751,10100
0752,18000
0753,57300
0755,7000
0757,15000
0758,5000
0760,16800
0761,8100
0762,2600
0763,18800
0765,22100
0767,30900
0768,1900
0770,8700
0772,59900
0773,2700
0779,144000
0781,9200
0783,7000
0789,15200
0792,46300
0793,18200
0794,12000
0796,16500
0798,4100
0799,26700
0800,5500
0805,103300
0806,110500
0807,45400
0808,99100
0809,3100
0812,27900
0814,15200
0815,7100
0816,33200
0817,14700
0820,71100
0821,17300
0824,72900
0825,4400
0826,33800
0827,42600
0829,5300
0833,1800
0834,14300
0838,10700
0839,4400
0841,12100
0842,5000
0843,35300
0845,11000
0847,14400
0850,10000
0852,24500
0859,12600
0863,15400
0864,20700
0865,7300
0866,6200
0867,2900
0868,3200
0869,45000
0870,72100
0871,18900
0872,43600
0873,6500
0876,36200
0879,4100
0880,71600
0881,3400
0883,13300
0884,2600
0885,3600
0886,89800
0887,11800
0889,12000
0890,12900
0891,17600
0892,41700
0893,73800
0896,31300
0904,20400
0908,37500
0909,10600
0910,4700
0911,11800
0912,5200
0915,18900
0918,2400
0919,15200
0920,27700
0921,71700
0923,42100
0925,35600
0928,8700
0934,1900
0935,61700
0938,27500
0939,13100
0940,4200
0943,50700
0945,64700
0947,14000
0949,7200
0950,22200
0954,31900
0956,5100
0957,2000
0958,27400
0959,9300
0961,31200
0964,10200
0965,5500
0966,91100
0967,10400
0970,4000
0972,9700
0974,19100
0975,24500
0976,24700
0977,18400
0978,3400
0979,6600
0980,5500
0981,3100
0982,8900
0984,1800
0985,20000
0988,90600
0989,21100
0991,25400
0992,14800
0993,3100
0994,15400
0995,5600
1000,17400
1002,33100
1005,78900
1007,8400
1008,18700
1012,73800
1013,75500
1014,43300
1015,27700
1018,18600
1019,8200
1020,15100
1021,4900
1023,25200
1024,15100
1027,30100
1029,14800
1030,16200
1033,29800
1034,7400
1037,19300
1039,87500
1040,7200
1044,22700
1046,17400
1047,19800
1048,4800
1050,20000
1051,7100
1053,2700
1056,1500
1057,34700
1058,16100
1070,10700
1071,11900
1075,25800
1077,11900
1078,44500
1080,400
1082,7600
1083,3000
1084,1900
1085,7900
1089,16100
1091,28500
1093,79800
1094,11300
1095,53900
1096,16600
1097,25300
1098,14900
1099,19500
1100,15800
1104,18600
1106,21300
1109,16200
1110,57000
1112,35200
1113,26600
1114,26400
1115,5200
1116,42000
1117,21800
1119,10500
1120,19100
1121,5000
1122,381200
1123,19000
1125,17900
1126,23900
1127,36500
1128,26600
1129,11400
1132,4700
1135,15000
1137,2500
1138,73200
1139,47200
1140,4500
1144,2800
1145,21600
1146,65600
1149,13700
1153,12300
1154,67100
1156,33600
1157,18600
1158,46800
1160,5700
1161,43700
1164,6600
1166,3900
1167,15500
1169,5800
1171,15300
1172,8600
1175,1300
1176,22900
1177,32600
1178,65000
1179,37800
1183,27300
1184,60300
1185,31000
1186,2700
1189,42900
1192,34600
1193,60100
1195,26600
1196,36100
1197,72400
1201,62500
1202,135200
1203,11400
1204,29100
1205,35000
1207,1800
1209,4600
1213,51200
1215,1900
1216,27400
1219,12900
1220,45400
1221,22800
1224,29800
1225,23600
1226,30300
1227,2100
1228,97500
1231,32200
1237,31200
1238,77000
1239,7200
1241,13100
1242,10000
1244,51300
1245,73600
1250,3700
1252,59300
1254,2500
1256,8200
1257,10400
1258,21100
1259,7800
1260,32500
1261,23500
1262,28400
1264,4100
1265,16500
1266,5700
1267,73300
1268,4100
1269,54900
1271,4400
1272,16800
1274,11200
1275,33300
1276,3500
1280,2600
1284,14900
1285,13200
1286,19300
1290,25400
1294,6800
1295,2500
1296,30300
1298,49100
1299,79900
1300,20000
1301,14200
1302,14700
1305,38100
1307,1600
1308,46300
1313,7500
1315,19000
1316,108600
1320,23400
1321,8400
1322,1000
1323,28500
1324,32000
1325,47900
1326,5000
1330,26900
1331,57400
1332,38600
1333,13700
1334,2300
1335,8300
1336,6100
1337,8100
1338,23200
1339,2900
1340,50700
1341,5700
1342,8400
1343,29800
1345,7000
1346,20200
1347,60600
1348,51200
1350,21900
1351,60600
1354,16500
1356,12500
1357,32800
1358,9900
1359,76700
1361,38600
1362,4800
1364,5200
1367,8000
1369,21200
1370,17300
1374,2100
1376,5200
1377,2000
1378,3900
1379,25700
1380,102500
1381,20100
1382,20300
1383,9500
1386,3800
1388,31900
1389,37700
1390,15900
1396,10200
1397,17700
1399,3500
1400,9300
1401,12000
1402,19800
1403,75100
1404,6900
1405,28400
1408,7000
1409,56300
1410,27800
1411,2900
1412,28600
1414,28300
1415,60600
1416,40900
1417,15100
1421,8000
1425,57200
1429,17200
1431,6500
1433,9100
1434,22900
1435,10100
1436,18600
1438,12900
1439,6300
1440,4200
1442,3700
1443,27200
1444,3700
1445,1300
1446,19500
1447,12400
1448,12400
1450,14700
1451,55100
1452,8900
1453,1300
1454,15700
1455,14300
1456,36200
1457,9700
1459,8600
1461,66200
1462,8700
1463,6100
1464,2400
1465,16200
1466,2600
1467,1600
1469,3100
1470,2400
1476,10800
1477,14700
1478,1300
1485,10300
1486,44500
1487,47800
1488,5600
1489,2900
1490,35200
1492,91300
1493,3900
1494,1800
1495,19200
1497,37800
1498,40100
1503,54700
1507,66900
1510,10700
1511,2600
1514,45000
1515,7700
1518,63500
1519,26500
1520,32400
1521,11200
1522,57800
1523,27100
1524,60300
1526,34900
1527,12600
1528,14900
1529,15400
1533,55100
1534,51200
1535,5800
1536,185600
1537,248900
1538,5800
1539,163300
1540,9200
1542,3600
1544,19000
1548,22900
1549,28400
1550,78400
1551,102700
1552,4200
1553,32300
1554,24800
1557,40700
1558,1500
1559,25000
1560,23100
1562,9500
1563,25300
1566,9100
1567,16400
1568,13800
1570,2800
1571,103400
1574,6300
1575,12300
1579,10900
1580,4900
1584,6200
1586,23300
1587,7400
1592,5800
1595,16300
1597,41900
1599,213200
1600,6600
1602,1400
1603,3100
1605,8200
1606,3200
1607,3000
1608,19400
1611,1400
1612,8700
1613,4200
1614,31000
1616,13100
1617,19400
1618,40000
1619,4000
1621,21500
1622,8300
1623,1400
1625,2000
1626,10700
1627,9300
1628,10500
1629,16500
1630,1900
1631,46700
1632,21300
1633,3200
1635,800
1636,14800
1637,1100
1638,2900
1640,2900
1641,21000
1642,10000
1643,28300
1644,96500
1645,10300
1646,11700
1648,8500
1649,8400
1651,10200
1652,16900
1653,32400
1656,6800
1657,114000
1660,76300
1662,22500
1663,27200
1664,6200
1666,9000
1667,24900
1668,2200
1671,3300
1673,2300
1674,18900
1675,78600
1676,5100
1677,15600
1680,14300
1681,22700
1682,67700
1683,18300
1686,26200
1687,20100
1689,28800
1692,2800
1696,4600
1698,20600
1699,44200
1700,10600
1701,4300
1702,52600
1703,21500
1704,6400
1705,60800
1706,24200
1708,14200
1710,5500
1711,12100
1712,26300
1713,6600
1714,19000
1715,1900
1718,6200
1719,6700
1720,9200
1721,13700
1722,18200
1725,3200
1726,40300
1728,23100
1729,5300
1733,53100
1734,35800
1737,1400
1739,18700
1740,4200
1741,1400
1742,3000
1746,7000
1747,32000
1748,2600
1750,5300
1751,19600
1752,6300
1753,5900
1754,7100
1755,30600
1757,8300
1760,7800
1763,6300
1764,9600
1765,3500
1767,13100
1773,8100
1776,10600
1777,33700
1778,7200
1780,12400
1781,16400
1782,18600
1783,23100
1786,14400
1789,6900
1790,16200
1793,5100
1795,34200
1800,20900
1801,16800
1803,47800
1807,62700
1808,11600
1810,27500
1811,29100
1814,28700
1816,6500
1818,45500
1822,122700
1823,5000
1825,19300
1827,24300
1829,12200
1834,2300
1836,24000
1837,5600
1839,39500
1840,2400
1841,52500
1845,19800
1846,2500
1847,5000
1851,10900
1852,11100
1854,59400
1856,45400
1857,7000
1860,30300
1864,19900
1865,5100
1866,3700
1868,18900
1869,44300
1870,3800
1872,5800
1873,5600
1874,64800
1875,14900
1879,36600
1880,40500
1881,49300
1882,9600
1883,17400
1885,25200
1886,32800
1891,20100
1892,3900
1895,10100
1896,50400
1897,2000
1901,15200
1907,4500
1908,13400
1909,21100
1910,15800
1911,7900
1912,2600
1914,35300
1915,2100
1916,25000
1917,800
1919,1900
1920,17200
1921,80400
1924,11500
1925,16700
1926,2200
1928,10900
1931,8600
1935,4100
1937,14000
1938,12700
1939,4800
1940,6900
1941,97400
1942,10700
1943,1500
1946,8800
1948,13900
1949,102900
1950,1600
1952,126100
1954,50600
1955,34000
1956,22100
1957,151800
1958,18900
1962,5600
1963,16200
1968,33500
1970,9900
1972,8900
1973,19500
1977,9200
1980,14700
1981,59800
1982,13700
1983,24700
1985,12800
1986,2100
1987,64700
1988,3600
1991,29300
1992,30100
1994,61900
1995,60200
1996,3500
1998,41800
1999,7100
2000,900
2001,14400
2003,20400
2004,23100
2005,9200
2006,11700
2008,14800
2009,5900
2011,16600
2017,2100
2018,6000
2019,2800
2021,11900
2022,8800
2023,5800
2024,3300
2026,2900
2028,17300
2030,7000
2034,2300
2035,12200
2037,13000
2038,9200
2040,29900
2042,6000
2043,7400
2044,1400
2046,6600
2049,62600
2051,6100
2052,3900
2053,2800
2054,18000
2055,8400
2057,15100
2058,49500
2059,17500
2060,10600
2062,18800
2063,67900
2064,2900
2065,19000
2066,600
2067,99800
2068,7600
2069,14700
2070,9900
2071,10000
2072,72300
2075,23000
2078,11100
2079,32600
2080,14800
2083,5600
2084,1400
2086,8200
2087,2600
2091,40800
2093,9900
2094,500
2096,26700
2097,6200
2101,21300
2104,1600
2106,20400
2109,13700
2110,18500
2111,19600
2112,6100
2113,33700
2116,30000
2118,13800
2119,16700
2120,21500
2124,9400
2125,5100
2127,3100
2128,27500
2130,13700
2132,12200
2133,55100
2134,13100
2136,26700
2137,31000
2138,8800
2139,11600
2143,37600
2145,5700
2146,5100
2147,26900
2148,46800
2151,6400
2156,3200
2159,42900
2162,14600
2163,6700
2164,5200
2165,4300
2166,33300
2168,24900
2171,13800
2173,20300
2174,48200
2176,11500
2178,41700
2181,9700
2182,7800
2184,22000
2185,3600
2186,10500
2188,70800
2190,1800
2192,23500
2193,77100
2194,78700
2195,42700
2196,38700
2197,72500
2198,5900
2199,20800
2201,17700
2202,85900
2210,65900
2215,44600
2222,28400
2223,18300
2228,125000
2231,31100
2232,54900
2234,32800
2237,11600
2238,3900
2243,16100
2244,3700
2246,55900
2248,5400
2249,16800
2252,189700
2254,11600
2255,18700
2256,3400
2257,88800
2258,19200
2260,41600
2261,14700
2262,82100
2263,9000
2264,2100
2265,30400
2267,35700
2268,36600
2269,6600
2271,8600
2274,10400
2275,6700
2278,10900
2279,43400
2280,46900
2281,4500
2283,5700
2285,8700
2293,12000
2295,1700
2296,35300
2298,10100
2299,127600
2300,8900
2302,28500
2303,35900
2304,9300
2306,9600
2309,31600
2310,52200
2311,35900
2312,14300
2314,26900
2315,29900
2316,29000
2317,41200
2318,32600
2320,17900
2323,13700
2324,11200
2325,45600
2326,7100
2327,20400
2328,32800
2331,54100
2332,25900
2334,14100
2335,18900
2337,2000
2340,1000
2343,7800
2344,72600
2345,9300
2346,6500
2347,5500
2349,18200
2350,33500
2352,7300
2353,9500
2356,10300
2358,9100
2359,4000
2360,8300
2363,27200
2365,22200
2369,7800
2370,67600
2373,9900
2375,1700
2376,11700
2377,31500
2378,3000
2379,11000
2380,3200
2381,13900
2385,7700
2386,14800
2387,15000
2388,12400
2390,16100
2392,1500
2393,2300
2395,21800
2396,900
2399,800
2403,30400
2404,9900
2405,6900
2406,600
2407,29500
2409,4800
2410,27100
2411,5400
2415,8300
2416,22100
2419,2100
2420,110200
2421,11100
2423,27900
2424,12900
2426,8200
2427,14500
2429,5900
2431,11200
2435,2200
2436,43400
2437,23200
2438,17600
2439,36200
2440,27400
2442,6100
2443,25200
2444,20000
2445,32100
2447,2900
2449,2700
2450,15000
2452,15400
2453,800
2454,18500
2457,14700
2458,20200
2460,3000
2461,6300
2462,35700
2463,19300
2464,5600
2466,27000
2470,2600
2472,54200
2476,15000
2478,15200
2479,2800
2481,1500
2482,36100
2483,19700
2485,43500
2486,8700
2490,30000
2492,45400
2493,121800
2494,6500
2496,30500
2497,21300
2498,3800
2499,57700
2501,16200
2504,49500
2506,6000
2508,8800
2509,16600
2513,9800
2518,13200
2519,5800
2520,31100
2521,23800
2524,15500
2526,76900
2527,21600
2528,33200
2537,42400
2538,113200
2539,41600
2541,27600
2542,7000
2543,256300
2544,217300
2545,31700
2547,80500
2548,13400
2549,17500
2551,56100
2553,19300
2554,18000
2558,50400
2561,4800
2564,34500
2565,3900
2566,5200
2567,3900
2568,39500
2571,20200
2572,62400
2573,3200
2574,16800
2575,4800
2576,1500
2578,14700
2580,17200
2582,129500
2583,3700
2585,46200
2587,5700
2589,14200
2590,50900
2595,38900
2596,7100
2600,46600
2602,10400
2604,8300
2605,6000
2606,37900
2609,34200
2610,1800
2611,8700
2612,1200
2614,7200
2615,35400
2616,5400
2617,14900
2618,10600
2619,16400
2620,11100
2621,14900
2622,17000
2623,28800
2624,2100
2626,4000
2630,1600
2631,18000
2632,2500
2633,11600
2634,12400
2635,10600
2636,32600
2637,14200
2639,25700
2640,7000
2641,148100
2642,32600
2644,1200
2647,19900
2648,37500
2651,65800
2652,7400
2653,17500
2655,11400
2656,3800
2657,23500
2658,16000
2659,4100
2660,46500
2662,13200
2665,5900
2666,71200
2669,4600
2671,53200
2673,14100
2674,3400
2675,6400
2676,55100
2678,10600
2679,112100
2680,1800
2682,62300
2684,2600
2687,72900
2688,12300
2689,8400
2691,22700
2695,38900
2696,4300
2698,3200
2699,18300
2700,9700
2701,76300
2702,23900
2703,3200
2704,1600
2705,1600
2706,6900
2707,45900
2708,73600
2715,2600
2716,19400
2717,5700
2720,6100
2721,27400
2723,7200
2724,11300
2725,1500
2728,13900
2729,7200
2730,29100
2732,39000
2733,20500
2735,24200
2736,1300
2737,16600
2738,1400
2739,19300
2742,14300
2743,12700
2745,12400
2749,8200
2750,39900
2752,34400
2753,10700
2755,7600
2756,8700
2759,1300
2762,5500
2764,31900
2765,26400
2767,19000
2768,5300
2769,16100
2770,14400
2772,25800
2775,20400
2777,23400
2781,1900
2782,3300
2783,3400
2784,19100
2785,38500
2786,28000
2788,41600
2790,4300
2794,27400
2796,23100
2797,17500
2798,1900
2802,9300
2803,18500
2804,19700
2807,10500
2808,18000
2809,2700
2811,4800
2813,4600
2815,28700
2816,16100
2818,4600
2819,118700
2820,36900
2822,12200
2826,3300
2828,24700
2829,164100
2836,900
2839,4000
2840,11700
2843,10300
2844,21600
2845,43200
2846,4000
2848,26200
2849,20300
2850,66600
2851,23900
2852,12300
2854,9900
2856,6900
2857,71700
2858,46500
2859,9200
2861,50000
2863,2000
2868,18000
2869,12000
2870,4400
2871,43700
2873,21600
2874,42400
2875,22200
2876,88100
2878,72400
2879,19500
2880,80100
2881,10100
2884,15200
2885,64100
2886,2400
2887,12600
2889,6100
2890,1300
2891,150300
2892,55200
2893,45100
2894,2400
2896,18600
2897,37300
2899,91900
2900,14300
2901,1600
2902,31000
2903,48400
2904,11300
2906,60700
2907,2000
2908,7600
2909,800
2913,19600
2914,2300
2915,5300
2917,25800
2918,35900
2919,2900
2920,14500
2921,3100
2923,7200
2925,24500
2927,18700
2928,14900
2932,17400
2933,1700
2934,13800
2935,17700
2937,15400
2939,19400
2941,11200
2942,10100
2943,3900
2944,1200
2945,73000
2946,17200
2947,3900
2949,16200
2953,7500
2954,33000
2955,6300
2956,5000
2957,66100
2958,7900
2961,18500
2962,22900
2963,9700
2964,6000
2965,3400
2967,12700
2968,4300
2969,28300
2972,14600
2975,40200
2976,2400
2979,4500
2981,8000
2982,11900
2985,15800
2987,6000
2988,113100
2990,1900
2991,24700
2992,84600
2994,22500
2996,8400
2997,6900
2998,3600
2999,1100
3000,13900
3001,12000
3003,24900
3004,62000
3006,33400
3009,40600
3010,5700
3012,11700
3014,17300
3015,31000
3016,2400
3018,3600
3019,3600
3021,5000
3024,17700
3026,1600
3027,22600
3029,7000
3031,331100
3033,16600
3034,28200
3036,14700
3037,65500
3038,14600
3040,42000
3041,16200
3042,14400
3045,1200
3046,40300
3047,27000
3050,25700
3051,40300
3052,16800
3054,16900
3055,1000
3056,126700
3060,17400
3061,29400
3062,92400
3064,15900
3066,8200
3068,16200
3069,17600
3071,3500
3075,4000
3078,4800
3079,20400
3081,17700
3082,6600
3083,8200
3084,4700
3085,8900
3086,26200
3087,10500
3090,9400
3092,22000
3093,3600
3094,3900
3096,3900
3098,3800
3100,101100
3101,6000
3102,28400
3104,7100
3105,6400
3107,5400
3109,13200
3110,8100
3111,4500
3112,9900
3115,5200
3116,13500
3120,13300
3121,2000
3122,600
3123,2200
3124,3600
3125,8100
3127,16500
3128,66700
3130,15900
3132,4000
3134,8300
3137,50500
3138,11000
3139,7300
3143,6300
3145,14100
3146,18800
3149,4300
3154,12000
3156,5700
3158,5900
3159,1700
3160,6000
3164,16700
3167,6200
3168,20200
3169,51800
3170,29200
3172,9200
3173,4000
3176,87100
3177,78800
3178,23300
3179,2000
3180,9800
3185,15000
3189,8800
3192,9700
3193,1900
3194,68400
3198,1600
3199,5400
3201,5400
3203,42600
3204,50500
3205,16200
3206,5400
3207,13700
3209,40400
3210,49200
3211,4000
3213,17900
3214,79100
3219,77600
3221,31600
3222,13400
3223,17500
3224,11200
3225,52800
3226,5700
3228,9500
3230,3500
3231,19200
3232,12500
3234,2700
3235,111700
3236,55600
3240,3200
3241,45400
3242,16100
3243,74300
3245,8000
3246,52500
3248,22900
3249,19400
3250,86500
3252,83100
3253,7600
3254,6500
3260,14500
3261,56100
3265,37800
3266,10700
3271,10500
3272,27500
3275,16900
3276,3800
3277,25100
3279,40800
3282,3000
3283,72400
3284,9800
3285,26400
3286,3800
3287,3700
3288,5800
3290,34500
3292,7100
3293,19500
3294,12200
3295,2400
3298,2900
3299,11800
3300,9500
3301,4200
3302,13700
3306,12000
3308,12000
3309,5300
3310,6000
3311,10500
3312,21900
3313,17000
3315,28400
3316,5200
3318,2400
3319,2500
3320,2100
3321,7300
3322,27200
3323,7200
3324,42800
3325,15500
3326,12200
3327,59300
3328,19300
3330,11300
3331,100800
3333,4100
3335,12000
3341,26900
3343,38500
3344,16800
3345,8300
3350,12900
3351,18400
3352,9500
3353,1600
3355,1600
3356,900
3359,17800
3360,12400
3361,11100
3363,800
3364,1700
3365,2800
3366,41100
3367,16900
3368,14000
3369,42800
3370,14100
3371,5000
3373,9100
3374,9300
3375,63100
3378,48700
3380,11800
3381,56000
3386,5900
3389,18500
3390,4000
3392,1500
3394,5900
3395,71400
3396,14100
3397,21200
3399,33000
3400,10500
3403,1700
3407,3600
3408,16700
3409,33000
3410,67500
3412,24800
3413,4100
3417,25900
3418,12400
3421,9000
3422,21400
3423,11700
3424,19600
3425,6600
3426,13300
3427,20400
3429,1400
3430,5600
3431,11600
3432,22100
3434,12900
3435,27400
3436,19100
3438,21600
3439,7600
3441,14900
3442,13600
3443,3900
3444,56500
3447,6900
3455,71200
3456,12500
3457,20400
3459,8700
3460,8800
3462,12300
3464,2200
3467,1800
3468,13900
3469,10000
3471,4700
3472,28100
3473,14400
3474,18100
3475,5400
3476,39300
3477,22500
3478,8900
3479,7400
3480,3300
3482,6600
3488,14000
3490,50700
3492,9100
3493,3500
3495,11500
3497,2800
3498,1800
3500,19600
3501,19400
3502,1300
3507,6500
3508,2800
3509,14400
3510,10400
3511,1600
3512,11600
3513,17900
3514,50100
3516,65000
3517,13300
3520,4100
3522,10500
3523,6100
3524,3400
3525,21600
3526,38000
3528,5000
3531,12300
3533,5900
3534,34300
3536,162200
3538,41900
3541,8600
3542,22100
3543,10800
3544,50600
3546,28600
3548,56000
3550,82900
3551,8000
3552,4500
3553,7600
3554,11300
3556,46300
3559,8100
3561,2900
3563,2900
3568,6400
3571,18500
3575,26100
3577,40700
3578,15900
3579,31500
3581,136500
3582,7000
3583,25400
3586,72600
3587,14900
3590,47000
3593,323700
3595,5800
3600,27500
3604,96700
3606,39300
3607,15200
3611,51100
3614,7800
3615,2200
3619,27100
3620,44100
3621,8100
3622,1200
3623,3300
3628,21500
3632,8900
3633,6500
3634,20300
3636,15200
3638,9200
3644,8200
3646,4600
3647,33800
3648,2800
3650,30300
3651,2500
3652,10000
3653,3000
3654,98000
3655,19600
3657,34000
3658,42300
3659,45900
3660,21200
3663,150900
3664,6400
3665,18300
3668,35400
3669,26700
3671,2100
3676,63200
3677,58400
3678,7200
3679,9700
3680,5700
3681,700
3683,9900
3685,10000
3686,6500
3688,14100
3690,66900
3694,1400
3696,19800
3697,7000
3700,54500
3703,29700
3706,19300
3707,29300
3711,7600
3712,63700
3716,74000
3718,5700
3724,3700
3725,32600
3726,43500
3728,15400
3730,3600
3731,12300
3732,2700
3733,47100
3735,53400
3736,2600
3737,7600
3742,10200
3743,3100
3744,2400
3745,900
3747,106800
3748,10600
3751,2600
3760,82300
3763,34700
3764,46700
3765,12400
3766,10500
3768,14100
3771,3200
3773,1500
3776,1200
3777,1400
3778,127800
3779,4800
3781,16500
3784,14700
3786,29000
3789,1600
3790,7700
3791,17000
3792,9600
3794,1800
3799,131400
3801,11600
3803,2400
3804,15600
3806,30500
3808,38700
3812,8100
3813,7200
3815,3600
3817,15700
3818,24000
3819,7800
3820,20700
3822,8500
3823,37800
3824,16400
3827,46900
3828,9800
3829,13200
3830,7600
3832,2600
3834,2000
3835,600
3837,6200
3839,7100
3840,3400
3842,3100
3844,38200
3845,66500
3849,64600
3851,39200
3852,15000
3853,37000
3856,11800
3857,8900
3858,4200
3860,6100
3861,11600
3865,4600
3866,12500
3868,21200
3869,46900
3871,32300
3873,8300
3875,1500
3878,106700
3879,135800
3880,59000
3882,1700
3884,7900
3885,11800
3886,2300
3887,2100
3889,53500
3891,16400
3893,48800
3895,11900
3896,70100
3903,114000
3904,44600
3907,40300
3908,12500
3910,2300
3911,18700
3914,61500
3915,67800
3916,29500
3917,5200
3920,1500
3921,7500
3923,24400
3926,32200
3927,6700
3929,1800
3933,32500
3934,10500
3935,11400
3940,8500
3942,43100
3943,35800
3947,30100
3948,23100
3949,8400
3952,2300
3956,2200
3959,14600
3960,35600
3961,84400
3962,17800
3965,10200
3966,11000
3969,50100
3971,1900
3972,8000
3973,231400
3974,1200
3975,13700
3976,6600
3978,6400
3979,6400
3981,13000
3982,135900
3987,5300
3989,3400
3990,12700
3991,14600
3992,6000
3996,22900
4000,20000
4001,158800
4002,35800
4005,10200
4007,23800
4008,18600
4009,15900
4010,25500
4015,23100
4016,16000
4018,95300
4019,16100
4020,1700
4025,21900
4026,23600
4027,44400
4033,87900
4034,5400
4035,49500
4036,5700
4038,5900
4043,27300
4045,98200
4046,65100
4047,26800
4048,10700
4049,122000
4051,29400
4052,17700
4053,13800
4055,3500
4056,14500
4057,10400
4058,13800
4060,10000
4064,23000
4065,7200
4066,16900
4067,43400
4068,12600
4070,9200
4072,8700
4073,50300
4075,4900
4080,34700
4082,2400
4083,34700
4087,3400
4089,90200
4090,8700
4091,26700
4093,32500
4094,23800
4095,11700
4096,1200
4097,3000
4098,10300
4099,5000
4101,8800
4106,6600
4107,4000
4111,66600
4113,8400
4115,4500
4116,22100
4117,9200
4118,18900
4121,58100
4122,7900
4123,22000
4128,36000
4130,51800
4131,25600
4132,12500
4133,12500
4141,5600
4144,15400
4145,26100
4147,1800
4148,16100
4149,1400
4150,2200
4151,1200
4152,16100
4153,14700
4155,11900
4156,9100
4159,6000
4161,1700
4162,3300
4163,22900
4164,12100
4165,1700
4166,18600
4167,42100
4169,20400
4171,6500
4174,11100
4177,2600
4178,5800
4179,19500
4180,4400
4182,12900
4183,59800
4185,17900
4186,27400
4189,13600
4192,5500
4193,6500
4194,18800
4197,32700
4198,54400
4199,17200
4200,46200
4201,64400
4202,6800
4205,34700
4208,36500
4210,12400
4211,104900
4215,62800
4217,6900
4218,16300
4219,15400
4220,11700
4221,122000
4225,20200
4231,11800
4234,20100
4235,11600
4236,67300
4237,90200
4239,3600
4241,4600
4242,4300
4246,2600
4248,18100
4249,31900
4251,72200
4252,21700
4253,14900
4254,9800
4255,2100
4256,72600
4257,8500
4258,22600
4259,17300
4260,37600
4261,121100
4263,15400
4264,24900
4265,8800
4266,1400
4267,10200
4268,41800
4269,2700
4270,1100
4273,15300
4274,13500
4275,2900
4277,8900
4285,7000
4287,106600
4288,5000
4289,15400
4291,44100
4292,15400
4293,3000
4297,8700
4299,8400
4300,38000
4301,19900
4303,6000
4304,16700
4306,36900
4307,2700
4309,22700
4310,30100
4311,12400
4313,2600
4314,1600
4315,17200
4316,4000
4317,37600
4318,43600
4319,17500
4320,12400
4321,13800
4323,3800
4324,7500
4325,9400
4326,24600
4330,14900
4331,19700
4338,15900
4339,8800
4341,55500
4342,21300
4345,5700
4346,7100
4347,5900
4348,6200
4349,23600
4350,25100
4352,23900
4354,4500
4355,37600
4358,6800
4359,50900
4360,3000
4361,72800
4363,39600
4364,10900
4365,5600
4366,3400
4367,12700
4368,22400
4369,3500
4370,11900
4374,6300
4375,24100
4376,16400
4377,23300
4378,2900
4380,13000
4383,10500
4385,18000
4386,114900
4387,31500
4389,37200
4391,28300
4396,3900
4398,9100
4400,17400
4402,4400
4403,24500
4404,6100
4406,1000
4407,104600
4408,71800
4410,54700
4411,48300
4412,4200
4414,22400
4416,6300
4418,47900
4423,2900
4425,1700
4426,12600
4427,5800
4428,15100
4429,87100
4430,37300
4433,3100
4434,15400
4435,12300
4440,69900
4441,2500
4442,16600
4443,7300
4445,4400
4448,4500
4449,8100
4451,13600
4452,20100
4456,20700
4457,2700
4458,3600
4459,41100
4463,9900
4465,14700
4467,29900
4470,9800
4474,48300
4476,3700
4477,1500
4478,28000
4481,3200
4482,39400
4485,10300
4486,8500
4487,28800
4488,1200
4490,6600
4491,5300
4492,9000
4493,18000
4494,800
4495,2200
4496,1200
4497,76600
4499,9500
4501,17000
4502,17000
4503,23200
4506,15800
4508,1400
4509,36800
4510,9300
4511,57500
4516,10600
4518,52400
4521,43700
4523,96600
4524,6600
4525,31300
4526,5800
4529,33300
4531,18000
4532,86900
4535,31500
4537,1200
4538,6300
4539,5500
4543,18500
4544,27800
4545,6700
4548,9000
4549,1600
4550,3400
4551,42100
4552,7100
4555,2000
4556,6600
4557,2300
4559,19600
4562,9600
4563,9600
4565,8300
4566,49300
4567,38400
4568,15900
4570,31500
4571,12700
4572,51800
4573,24000
4574,22400
4575,9100
4576,15200
4577,3700
4579,200
4581,7300
4582,52300
4584,13200
4585,43000
4587,16100
4588,38100
4590,10100
4596,17800
4597,1600
4599,5600
4600,16400
4601,19100
4603,39700
4604,17900
4605,29700
4606,30900
4607,11700
4610,600
4611,32400
4612,59300
4614,6400
4616,2100
4617,15800
4618,300
4619,17400
4620,12300
4621,1300
4622,2300
4623,5200
4624,25900
4628,1900
4631,15100
4632,24800
4633,55800
4634,1800
4635,71700
4636,700
4638,23800
4640,1800
4643,46200
4645,12000
4646,42700
4647,3800
4650,14500
4652,8400
4653,5400
4654,16600
4655,20200
4656,7500
4657,14700
4659,3000
4662,4000
4666,35900
4668,80600
4669,15200
4673,21000
4674,2300
4676,10700
4677,10600
4678,18000
4681,31200
4685,17500
4689,7300
4692,19100
4693,21900
4699,15000
4700,16600
4701,28800
4704,19800
4705,13800
4707,18400
4708,7900
4710,22200
4711,53600
4713,9700
4714,36900
4715,39900
4718,29800
4720,26200
4722,16300
4723,44500
4725,111000
4727,5600
4728,12100
4729,5800
4730,7700
4731,20500
4732,51100
4733,60400
4734,20600
4735,12300
4736,32600
4737,20000
4743,10400
4744,15000
4745,30500
4746,4500
4747,55000
4749,8600
4751,18400
4752,1800
4753,24500
4754,27700
4756,2500
4757,7900
4758,33800
4759,2200
4763,7200
4764,2600
4767,2200
4770,24600
4771,6000
4773,34600
4774,15900
4777,37000
4778,27900
4780,23200
4781,4400
4782,142800
4783,17700
4785,3100
4786,48400
4787,1900
4788,52000
4789,63800
4790,6700
4792,20700
4793,18300
4795,6100
4796,2000
4797,35100
4799,10000
4801,2900
4802,17800
4805,70100
4806,48600
4807,45400
4809,19900
4810,5000
4811,17800
4812,33800
4816,7000
4819,40500
4820,61100
4821,7100
4822,31400
4823,4200
4824,1800
4825,24500
4827,8000
4833,12800
4836,1700
4837,9300
4842,7100
4846,11800
4847,4300
4849,3900
4852,19400
4853,11900
4854,13400
4855,29100
4857,9800
4858,65100
4859,13700
4860,3100
4861,7600
4862,25500
4866,40300
4869,35500
4870,3500
4872,61000
4873,7200
4875,9300
4881,12000
4883,58300
4889,20900
4891,11500
4892,51500
4893,1900
4894,28400
4895,30100
4896,7700
4897,8100
4898,3200
4899,12000
4901,12300
4902,40600
4903,35100
4904,58500
4906,4300
4910,56000
4911,13000
4912,13300
4913,22600
4914,73700
4915,120300
4916,64100
4920,5900
4923,8000
4924,26500
4926,6800
4927,21300
4929,4600
4931,25200
4932,25700
4933,21600
4934,8300
4936,10700
4937,2400
4940,5900
4941,3100
4942,9200
4943,9200
4944,37600
4945,3800
4947,32300
4948,17400
4950,6300
4951,7100
4952,18400
4953,12300
4955,8400
4957,9800
4961,28500
4963,9500
4964,35700
4965,92300
4968,13200
4969,23400
4970,25800
4973,10100
4976,26300
4977,8800
4980,8000
4981,36400
4984,64700
4986,16500
4988,41700
4989,5100
4990,32200
4991,9400
4992,2000
5001,5500
5002,24700
5006,15600
5008,12900
5010,20400
5016,3100
5023,4500
5025,24800
5027,27900
5028,24200
5029,27300
5031,2200
5032,3800
5033,37800
5034,6600
5035,18300
5036,58000
5039,54600
5040,8400
5041,29900
5042,69600
5043,4100
5045,20000
5046,10700
5047,15800
5048,4100
5052,2200
5056,5000
5057,19000
5058,3900
5060,55300
5061,16300
5062,3900
5063,5300
5065,150600
5066,49100
5067,11900
5068,10600
5071,29600
5072,18500
5073,15700
5075,6200
5076,11400
5077,800
5078,5300
5079,46900
5080,11600
5083,4200
5085,7000
5086,12500
5087,101700
5088,10300
5090,5300
5092,2300
5093,4200
5094,3600
5095,32000
5096,23300
5097,6400
5098,4800
5101,21200
5103,15900
5105,71500
5106,57800
5107,42300
5108,12700
5109,36400
5110,10700
5111,86800
5112,22000
5113,1300
5115,9600
5116,33900
5117,21300
5119,65300
5121,27000
5123,48900
5124,32600
5126,9400
5127,63400
5128,13100
5129,5800
5130,39800
5131,6600
5133,10600
5134,34900
5135,8000
5136,21800
5137,32100
5138,29800
5139,14700
5141,10700
5142,22600
5143,41200
5144,19800
5145,1700
5146,33100
5147,6300
5148,1200
5149,5300
5150,58800
5154,35300
5155,4100
5160,38400
5161,1600
5162,46100
5163,6400
5164,24000
5165,18600
5167,25700
5169,98800
5170,8000
5171,28300
5172,11600
5176,4000
5177,13000
5178,20500
5181,5000
5184,4000
5189,10700
5190,22300
5192,1800
5194,2300
5196,6100
5197,32800
5198,400
5199,33100
5201,10900
5205,15800
5206,17400
5208,11700
5209,1300
5210,8500
5212,26000
5213,60200
5214,27400
5215,74300
5216,4500
5217,21200
5219,22200
5220,5200
5221,1300
5225,91300
5226,59700
5227,3600
5230,9000
5232,18400
5233,49900
5234,1400
5235,18700
5239,37700
5240,9300
5244,102000
5245,26700
5248,13600
5251,82700
5258,13600
5259,112700
5260,66500
5262,8700
5264,9600
5266,5300
5267,39400
5269,4400
5270,8900
5271,41200
5272,86500
5273,75900
5275,3600
5276,36800
5277,12600
5279,19800
5280,18100
5281,17300
5282,5700
5286,31000
5288,114900
5289,6300
5290,1100
5291,1900
5293,13000
5295,6000
5296,22200
5297,14900
5298,5600
5299,41800
5300,1900
5303,3100
5304,52200
5305,16100
5306,11600
5308,2000
5309,28300
5311,27800
5314,19200
5315,6700
5316,13500
5317,13500
5318,22800
5319,9200
5320,29000
5321,20400
5324,21600
5327,36700
5328,36300
5329,9000
5331,8400
5333,11800
5334,33200
5336,2300
5338,3200
5339,9400
5346,10300
5347,6100
5352,2500
5354,4400
5356,44300
5358,4500
5361,13600
5362,94800
5365,6000
5367,2600
5369,18700
5370,28300
5371,8900
5374,15300
5375,8900
5376,13400
5377,7700
5378,54200
5379,8100
5380,1500
5382,5100
5383,68700
5384,63000
5385,64900
5386,2500
5387,148900
5389,16800
5391,1000
5392,1300
5394,23900
5398,7300
5399,13200
5400,10200
5402,105700
5404,86000
5406,3500
5407,16800
5408,27600
5409,10300
5410,2200
5413,24900
5415,18300
5417,10900
5418,3500
5424,3000
5425,1700
5426,1100
5427,5100
5428,7900
5430,16400
5431,11600
5433,45500
5435,10000
5436,5600
5439,2000
5441,58200
5442,14900
5443,11400
5444,51200
5446,1800
5447,15400
5448,61300
5452,10600
5453,13300
5454,49500
5457,2500
5459,6200
5461,38400
5464,38700
5466,4600
5467,29600
5470,61100
5471,5100
5472,26800
5476,13200
5477,12900
5478,23300
5480,8900
5481,4600
5484,126900
5487,122800
5490,13200
5492,3800
5493,44100
5495,8800
5496,3200
5497,5400
5499,48900
5503,6200
5504,47400
5505,21900
5507,7500
5508,21100
5509,5700
5510,6900
5511,11900
5514,15900
5518,2600
5519,3900
5520,5400
5523,15800
5525,22600
5528,13300
5531,8000
5532,4100
5533,27200
5534,10200
5535,19300
5536,54100
5537,18700
5538,85800
5539,23200
5541,11000
5542,6500
5543,14000
5545,10700
5548,7600
5550,7900
5551,20000
5554,19300
5555,32400
5559,35800
5561,23500
5562,2400
5569,800
5570,48700
5572,11900
5574,37600
5576,4200
5578,11900
5579,4200
5581,17000
5582,36300
5584,24200
5585,21300
5586,1500
5588,1900
5597,11700
5598,900
5600,6500
5602,42800
5603,1700
5604,91700
5605,2400
5609,58200
5610,1200
5612,16600
5613,20200
5614,6500
5616,1700
5617,10500
5618,10900
5619,26500
5621,94400
5622,18200
5623,328300
5624,25700
5625,26500
5626,35200
5629,121500
5631,51800
5635,4200
5637,16400
5641,61100
5644,26300
5645,14400
5646,29300
5650,800
5652,8300
5656,48000
5657,54400
5658,4300
5660,33500
5661,18500
5662,126600
5663,17700
5664,2300
5666,5900
5667,5100
5673,8000
5675,4600
5676,91100
5682,39000
5684,14500
5685,53200
5688,3100
5692,18000
5693,8800
5694,7800
5696,1400
5697,28000
5699,31000
5701,21800
5702,2500
5704,6500
5707,9400
5709,2500
5710,57400
5711,7900
5714,2800
5717,32200
5719,1800
5720,3200
5721,16400
5722,1400
5723,4400
5725,11000
5730,24000
5735,13200
5737,72500
5742,7000
5744,10300
5745,1200
5746,2500
5748,9800
5749,2400
5751,19200
5752,18700
5753,65100
5754,7800
5755,14900
5756,30400
5757,65400
5758,700
5760,9500
5763,3900
5764,8100
5765,59600
5766,48800
5770,11100
5771,31800
5774,24200
5775,8400
5776,12700
5777,79300
5780,2700
5782,48600
5783,3200
5784,33100
5785,7500
5786,10000
5787,500
5791,16900
5792,211600
5793,4100
5794,16500
5795,7500
5796,3200
5798,6800
5799,9200
5804,170000
5808,17300
5809,3500
5812,2200
5813,113700
5814,98200
5816,14500
5817,15200
5818,30000
5819,56400
5821,2600
5822,5000
5825,54200
5827,21900
5829,4500
5830,25800
5831,33300
5833,6900
5835,14200
5840,11000
5843,3700
5846,4200
5847,16200
5848,7100
5849,29300
5850,31500
5852,7800
5854,15000
5856,32900
5857,15900
5859,58900
5860,69600
5863,1900
5864,16000
5865,11800
5866,6800
5868,51700
5870,8100
5874,4000
5875,21100
5877,73800
5878,37900
5881,3200
5882,6600
5885,5700
5889,67900
5890,31700
5892,4600
5894,64900
5896,91100
5898,41300
5899,49900
5901,5300
5902,10800
5904,5700
5905,6400
5906,4600
5907,22500
5909,16900
5910,19100
5911,34300
5913,44400
5914,1700
5915,49500
5916,23100
5917,9100
5922,3700
5926,6500
5927,21100
5929,19500
5930,15800
5933,69300
5934,69100
5935,10200
5937,11200
5939,43800
5940,47000
5942,2200
5945,18900
5946,23700
5947,47600
5948,8100
5949,15400
5951,40600
5952,9600
5953,27900
5955,26700
5956,4700
5957,41300
5958,46400
5962,40300
5963,8800
5964,20800
5965,29800
5966,35500
5968,68500
5969,9000
5971,55100
5972,33900
5974,2000
5975,17600
5977,14600
5978,3600
5979,10800
5980,3600
5981,3000
5982,4100
5983,25900
5984,49800
5985,31100
5990,3500
5991,34800
5995,6200
5997,8000
5998,2900
5999,34400
6001,35800
6006,20800
6007,9100
6009,2200
6011,17100
6016,37000
6017,7300
6020,44300
6024,40600
6025,19200
6027,5400
6028,14700
6029,51200
6030,10200
6031,11300
6033,3700
6034,19500
6035,20100
6037,5300
6038,10900
6040,7000
6041,1500
6042,38000
6044,37100
6046,5900
6049,11700
6050,16300
6051,31700
6053,39700
6055,59100
6056,62600
6057,5900
6059,3400
6062,5200
6064,45700
6065,17600
6066,2900
6068,34900
6069,2000
6070,23400
6073,3100
6074,13600
6075,12200
6076,5700
6079,7200
6080,23000
6081,10500
6084,54300
6085,51400
6090,2800
6093,26100
6094,6900
6096,26000
6097,88900
6098,4700
6100,3700
6103,7400
6104,4500
6107,5600
6109,127200
6110,7900
6113,69100
6114,3200
6115,31900
6117,2500
6118,39600
6119,1700
6120,7900
6122,26600
6123,3100
6131,8100
6134,23300
6137,59500
6138,40600
6140,69200
6141,24500
6142,48000
6143,2400
6145,18900
6149,2000
6151,16600
6153,8400
6157,33300
6159,59500
6160,20500
6162,5400
6163,121300
6164,2500
6165,9200
6167,133000
6168,2300
6169,11200
6170,22000
6171,1500
6172,1900
6173,69000
6177,6700
6180,4000
6181,9200
6186,1600
6188,12000
6189,5100
6190,2100
6191,13300
6194,84300
6195,29100
6196,1100
6197,3200
6198,1900
6199,53000
6201,28300
6202,2900
6203,5100
6204,10200
6206,9300
6209,5700
6213,70800
6214,14800
6215,14200
6217,28600
6218,35400
6219,6500
6220,14600
6221,25300
6222,47000
6223,33200
6224,3200
6227,6500
6228,1900
6230,111200
6231,6200
6233,57300
6234,15200
6235,3300
6236,22500
6237,41200
6238,2000
6240,10300
6241,5000
6243,2600
6244,1500
6246,16500
6248,17000
6251,12100
6252,20400
6253,30700
6254,18600
6255,22900
6256,3300
6258,1400
6259,55000
6260,12800
6266,2600
6267,8000
6268,12900
6269,14400
6271,7100
6273,3700
6275,29100
6276,57300
6280,3800
6281,12900
6282,2800
6285,9600
6286,3100
6288,39200
6292,62000
6294,5400
6298,4800
6301,49600
6303,10200
6306,19100
6308,35100
6311,147400
6313,7900
6320,5700
6323,4600
6325,50400
6326,6000
6327,3000
6328,44100
6329,51600
6331,10900
6332,3100
6339,6000
6341,4500
6342,8100
6344,2800
6346,20100
6348,6200
6349,31800
6350,34000
6351,2100
6352,47700
6353,4900
6356,36400
6357,8200
6358,30000
6361,131400
6362,25500
6364,10500
6369,2900
6370,19600
6372,1100
6374,18100
6378,15000
6384,17300
6386,7200
6387,137800
6391,3000
6392,28500
6393,47800
6394,2700
6396,9700
6397,5300
6398,3800
6399,6100
6400,9900
6401,8700
6403,6100
6404,17500
6411,50500
6412,19800
6413,38000
6416,60900
6417,19900
6420,10600
6427,224900
6431,18700
6434,9200
6436,16800
6438,55900
6441,40000
6442,8600
6445,8400
6446,9400
6447,2200
6448,1900
6449,21100
6451,46300
6452,13200
6454,66300
6455,48500
6456,34100
6457,13200
6458,51900
6465,1800
6466,4500
6467,80500
6469,13700
6470,4200
6472,13300
6473,7000
6474,39500
6475,25900
6476,44700
6477,24200
6478,40100
6481,2800
6482,2600
6483,1800
6487,20600
6489,35200
6490,5900
6491,6100
6494,2100
6496,18400
6497,9800
6500,31800
6503,8700
6506,6900
6508,5300
6509,4500
6512,33200
6513,3900
6514,20500
6516,218700
6517,10800
6519,24700
6520,10200
6521,7700
6522,19800
6524,14000
6525,14600
6527,158800
6528,4400
6534,10100
6536,6900
6539,115500
6540,45600
6542,16800
6543,8400
6546,5700
6547,6700
6549,7700
6550,4300
6552,3300
6553,2000
6555,19800
6559,35400
6562,13700
6564,9600
6565,8300
6567,18600
6568,35300
6569,4100
6571,3300
6572,16900
6573,30400
6574,11000
6575,49200
6577,12000
6578,33200
6580,900
6581,34200
6582,12800
6583,26900
6584,3200
6585,4700
6586,17500
6588,2900
6589,6100
6594,6700
6597,7800
6598,24300
6600,60200
6602,5100
6605,1700
6606,9100
6608,12200
6610,38100
6611,15400
6612,21100
6613,18900
6614,70600
6616,2600
6617,7100
6620,5700
6621,2000
6622,7000
6625,2800
6626,5400
6627,126300
6628,23500
6629,17700
6630,500
6634,2400
6635,2400
6636,74500
6638,13600
6640,2800
6643,13800
6644,19800
6645,1200
6646,20700
6647,14900
6648,2900
6649,18300
6650,6800
6651,11100
6652,2700
6653,600
6657,8400
6659,17000
6660,11700
6661,29200
6663,38300
6665,16600
6666,8200
6670,24200
6673,24000
6675,26700
6676,25600
6677,3200
6678,24500
6679,19200
6680,8100
6688,5800
6690,2200
6691,2000
6692,2300
6693,26400
6695,44300
6696,9600
6697,7900
6698,5200
6700,10100
6702,36600
6706,34300
6708,4000
6711,28000
6712,13200
6713,50500
6715,33400
6717,10900
6719,17900
6722,10200
6725,20100
6728,27600
6729,4500
6730,9500
6731,47700
6732,9400
6733,20500
6734,39300
6737,2000
6740,14900
6741,73200
6742,6400
6744,1700
6746,6200
6749,6800
6752,17000
6753,6700
6755,3700
6756,42400
6758,34300
6759,34900
6761,1300
6763,2700
6764,41000
6766,37600
6770,32000
6771,9700
6772,26200
6773,2900
6774,15700
6776,6900
6779,14200
6780,3400
6781,4200
6782,39400
6783,4900
6784,3700
6785,59600
6788,39200
6789,25500
6790,4400
6791,2100
6792,7800
6793,13700
6794,2000
6796,15600
6797,14100
6798,1400
6799,7600
6801,18000
6803,5300
6804,31000
6805,19600
6809,28000
6812,49000
6818,57400
6820,79400
6822,30400
6825,3000
6827,15400
6829,18100
6831,22400
6832,1900
6833,10800
6834,11600
6835,7600
6837,34300
6839,37100
6842,27900
6843,72900
6844,5000
6846,47100
6847,30500
6849,8600
6852,1700
6853,9800
6854,15100
6856,13400
6860,56900
6861,25100
6862,7900
6865,25700
6867,29900
6868,43700
6869,69100
6871,1300
6872,41400
6875,111400
6876,36300
6878,2800
6880,10700
6881,151300
6884,3400
6886,12100
6888,2600
6890,42600
6891,23000
6892,34500
6893,10700
6895,37400
6899,20600
6901,69300
6902,47500
6903,1100
6904,44100
6905,4000
6906,38100
6907,4700
6911,24100
6913,24100
6914,61300
6915,7900
6916,1100
6917,35500
6918,13200
6919,11500
6920,49500
6921,4700
6922,3000
6923,15600
6924,20500
6927,32900
6929,17600
6931,10100
6932,8100
6937,67800
6939,1300
6940,13700
6941,20700
6942,2200
6945,3500
6947,400
6948,108200
6954,94300
6956,39700
6958,21700
6960,20900
6964,500
6966,11500
6967,29800
6968,35600
6969,30800
6970,12000
6971,31700
6972,21300
6975,7000
6977,15400
6981,72800
6982,3700
6983,47300
6984,25800
6985,10700
6987,18100
6988,6200
6989,26300
6990,2000
6991,4400
6992,33400
6995,1800
6997,20700
6998,5200
6999,5300
7000,43800
7001,8900
7005,1400
7008,4500
7010,3500
7011,17600
7014,28900
7016,37700
7020,82200
7021,18600
7023,17800
7024,36500
7025,5100
7026,69800
7027,8800
7029,4900
7030,19500
7032,47000
7034,39000
7036,7300
7038,5900
7041,4600
7042,3500
7043,7200
7044,9200
7045,9200
7046,1600
7047,28200
7048,3100
7049,4800
7050,1400
7051,3600
7053,21600
7054,20100
7057,10200
7060,12500
7064,6300
7065,1200
7066,11900
7067,32800
7068,16100
7070,33300
7071,900
7073,29700
7076,2300
7077,8900
7078,14900
7080,25600
7081,26800
7082,4500
7084,12200
7085,2900
7086,18900
7087,5100
7089,44000
7090,1600
7091,44600
7092,14500
7093,2100
7094,10400
7096,51700
7102,37800
7103,16700
7105,3800
7106,11800
7107,5800
7108,20100
7111,68000
7112,148000
7113,74500
7115,2100
7116,74100
7117,19100
7118,3000
7119,11400
7120,51300
7122,10200
7123,2900
7127,21800
7130,32500
7131,2300
7132,2500
7133,19300
7134,54900
7135,13500
7137,20900
7139,10900
7148,4000
7149,38900
7151,63000
7152,4100
7154,7600
7157,16400
7158,22300
7159,14700
7160,15000
7161,11000
7162,28900
7163,56800
7169,17400
7170,10800
7171,169800
7172,82200
7176,68900
7177,35200
7178,1900
7182,71800
7184,3200
7188,53500
7191,2000
7192,6300
7196,2400
7197,110900
7198,11900
7201,13300
7202,21700
7204,800
7207,5800
7208,62600
7211,47800
7212,6100
7213,51600
7214,50000
7216,7700
7220,10400
7221,7200
7224,16500
7226,47800
7227,4400
7229,2100
7232,7900
7233,2500
7235,5000
7238,4500
7240,21600
7241,3700
7242,38800
7245,35900
7246,15700
7247,34000
7248,10000
7249,2000
7250,35100
7251,2900
7253,3500
7254,2600
7259,5700
7261,23200
7262,4500
7264,49700
7267,12700
7268,26200
7269,134000
7272,1000
7274,39200
7275,14700
7276,11800
7277,3700
7278,4400
7281,4400
7283,34900
7285,2000
7286,4900
7287,2900
7288,33400
7289,3900
7290,30400
7293,7300
7294,18300
7295,26400
7296,800
7297,15200
7300,7300
7301,1100
7308,18700
7309,5900
7312,5300
7313,20600
7314,10100
7316,1600
7318,15300
7319,17500
7320,1900
7322,9500
7323,14000
7324,9200
7326,19800
7327,13400
7328,21400
7330,11500
7331,147200
7333,14500
7336,72300
7337,3000
7339,6600
7340,2100
7344,4900
7346,2300
7347,6400
7348,56900
7349,16700
7350,19800
7354,73900
7355,2600
7356,4500
7359,10600
7360,900
7361,5500
7363,10400
7364,8000
7365,1500
7367,7600
7368,6900
7369,37400
7371,43700
7372,14100
7373,24600
7377,155500
7378,3300
7379,4700
7381,8500
7386,38200
7387,2400
7388,58300
7390,7100
7391,55600
7396,5900
7397,18900
7399,2000
7402,99300
7403,9900
7404,6800
7405,8100
7409,19800
7410,4200
7412,4900
7413,30500
7414,23900
7418,13500
7419,11400
7420,32900
7421,14100
7424,8800
7425,15400
7426,36800
7427,4100
7430,32700
7435,4100
7436,3800
7437,10900
7438,71900
7440,4100
7441,3700
7449,13500
7450,85100
7451,22600
7452,1800
7455,3900
7460,72200
7461,5100
7464,10600
7466,17200
7468,20400
7469,69300
7474,46000
7475,15400
7476,18000
7477,31900
7478,52100
7479,2300
7480,8400
7483,18200
7485,31700
7491,7200
7492,51700
7493,13000
7494,24900
7495,3500
7496,4300
7497,15300
7499,15500
7500,22000
7501,46000
7504,30500
7506,103400
7507,31300
7510,15400
7513,15000
7514,1900
7517,11500
7519,27400
7521,29800
7522,8900
7524,19500
7525,63400
7526,71200
7527,1400
